name,email,company
"Brian Brown","brian.brown@salesoptimizati.com","Sales Optimization Group"
"","kevin.miller@financialtechco.com","Financial Tech Corp"
"Betty Carter","betty.carter@financialtechco.com","Financial Tech Corp"
"Nancy Smith","","Web Development Studios"
"Mary Sanchez","mary.sanchez@productdesignco.com","Product Design Co"
"Robert White","robert.white@enterprisesoftw.com","Enterprise Software Solutions"
"David Mitchell","not-an-email","Enterprise Software Solutions"
"Kenneth Scott","kenneth.scott@techsolutionsin.com","Tech Solutions Inc"
"Susan White","brian.brown@salesoptimizati.com","Customer Success Partners"
"George Scott","george.scott@aitechnologies.com","AI Technologies"
"Carol Nguyen","carol.nguyen@salesoptimizati.com",""
"Steven Johnson","steven.johnson@customersuccess.com","Customer Success Partners"
"William Martin","william.martin@mobileappventur.com","Mobile App Ventures"
"","stephanie.carter@techsolutionsin.com","Tech Solutions Inc"
"Deborah Brown","deborah.brown@supplychainsolu.com","Supply Chain Solutions"
"Sarah Carter","sarah.carter@digitaldynamics.com","Digital Dynamics Corp"
"Mark Lewis","","Global Innovations LLC"
"Mary Adams","mary.adams@smartautomation.com","Smart Automation Co"
"Deborah Nelson","deborah.nelson@ecommerceexpert.com","E-Commerce Experts"
"Lisa Flores","invalid.email.format","E-Commerce Experts"
"Robert Perez","robert.perez@supplychainsolu.com","Supply Chain Solutions"
"Joseph Adams","","Supply Chain Solutions"
"Susan Johnson","susan.johnson@educationplatfo.com","Education Platform Ltd"
"Mark Green","mark.green@globalinnovatio.com",""
"Timothy Ramirez","timothy.ramirez@techsolutionsin.com","Tech Solutions Inc"
"","james.green@dataanalyticspr.com","Data Analytics Pro"
"Joshua Jackson","brian.brown@salesoptimizati.com","NextGen Systems"
"Joshua Garcia","joshua.garcia@productdesignco.com","Product Design Co"
"Emily Ramirez","@productdesignco.com","Product Design Co"
"Susan White","susan.white@globalinnovatio.com","Global Innovations LLC"
"Emily Jackson","emily.jackson@nextgensystems.com","NextGen Systems"
"Carol Jackson","","Strategy Consultants"
"Michael Campbell","michael.campbell@mobileappventur.com","Mobile App Ventures"
"Susan Ramirez","susan.ramirez@supplychainsolu.com","Supply Chain Solutions"
"","barbara.ramirez@customersuccess.com","Customer Success Partners"
"Steven Wright","steven.wright@healthcaresyste.com","Healthcare Systems Inc"
"Kevin Rodriguez","kevin.rodriguez@aitechnologies.com",""
"Karen Carter","karen.carter@nextgensystems.com","NextGen Systems"
"George Hill","not-valid-email","Education Platform Ltd"
"Karen Rivera","karen.rivera@financialtechco.com","Financial Tech Corp"
"Stephanie Taylor","stephanie.taylor@digitaldynamics.com","Digital Dynamics Corp"
"Mary Nelson","mary.nelson@cloudservicesgr.com","Cloud Services Group"
"","margaret.mitchell@globalinnovatio.com","Global Innovations LLC"
"Patricia Brown","patricia.brown@strategyconsult.com",""
"Michael Allen","michael.allen@mobileappventur.com","Mobile App Ventures"
"Joseph Jackson","","Strategy Consultants"
"Barbara Ramirez","barbara.ramirez@techsolutionsin.com","Tech Solutions Inc"
"Barbara Mitchell","brian.brown@salesoptimizati.com","Quantum Computing Ltd"
"Ronald Brown","ronald.brown@smartautomation.com","Smart Automation Co"
"Patricia Miller","patricia.miller@dataanalyticspr.com",""
"Elizabeth Anderson","elizabeth.anderson@aitechnologies.com","AI Technologies"
"Barbara Perez","invalid@","Strategy Consultants"
"Ronald Green","ronald.green@healthcaresyste.com","Healthcare Systems Inc"
"Daniel Nguyen","daniel.nguyen@operationsexcel.com","Operations Excellence LLC"
"Paul Smith","","Mobile App Ventures"
"Jessica Sanchez","jessica.sanchez@marketinginnova.com","Marketing Innovations"
"William Green","william.green@supplychainsolu.com","Supply Chain Solutions"
"","ronald.hill@salesoptimizati.com","Sales Optimization Group"
"John Rodriguez","john.rodriguez@cybersecuritypl.com","Cyber Security Plus"
"Mark Hill","mark.hill@dataanalyticspr.com","Data Analytics Pro"
"Michelle Young","michelle.young@customersuccess.com","Customer Success Partners"
"Donna Garcia","donna.garcia@techsolutionsin.com",""
"Nancy Carter","","Customer Success Partners"
"Donald Walker","donald.walker@logisticsmanage.com","Logistics Management Inc"
"Jessica Roberts","jessica.roberts@globalinnovatio.com","Global Innovations LLC"
"Jennifer Harris","brian.brown@salesoptimizati.com","Marketing Innovations"
"Ronald Anderson","ronald.anderson@cloudservicesgr.com","Cloud Services Group"
"Ronald Anderson","ronald.anderson@educationplatfo.com","Education Platform Ltd"
"","karen.miller@financialtechco.com","Financial Tech Corp"
"Kevin Wilson","kevin.wilson@operationsexcel.com","Operations Excellence LLC"
"Jessica Nelson","jessica.nelson@globalinnovatio.com",""
"James Mitchell","james.mitchell@cybersecuritypl.com","Cyber Security Plus"
"Richard Robinson","","Financial Tech Corp"
"Mary Rivera","mary.rivera@customersuccess.com","Customer Success Partners"
"Margaret Brown","margaret.brown@ecommerceexpert.com","E-Commerce Experts"
"Michelle Jackson","notanemail","Digital Dynamics Corp"
"Sandra Hill","sandra.hill@cybersecuritypl.com","Cyber Security Plus"
"Robert Adams","robert.adams@supplychainsolu.com","Supply Chain Solutions"
"Steven Clark","","Digital Dynamics Corp"
"Lisa Jones","lisa.jones@financialtechco.com","Financial Tech Corp"
"Christopher Martin","christopher.martin@aitechnologies.com","AI Technologies"
"Lisa Flores","lisa.flores@cybersecuritypl.com",""
"Ashley Campbell","ashley.campbell@digitaldynamics.com","Digital Dynamics Corp"
"Mary Perez","","Customer Success Partners"
"Barbara Sanchez","barbara.sanchez@strategyconsult.com","Strategy Consultants"
"Elizabeth Gonzalez","brian.brown@salesoptimizati.com","Global Innovations LLC"
"Nancy Green","nancy.green@techsolutionsin.com","Tech Solutions Inc"
"Deborah Roberts","deborah.roberts@healthcaresyste.com",""
"Brian Lewis","brian.lewis@financialtechco.com","Financial Tech Corp"
"","james.jackson@enterprisesoftw.com","Enterprise Software Solutions"
"Kenneth Thomas","kenneth.thomas@techsolutionsin.com","Tech Solutions Inc"
"Amanda Jackson","invalid-email-format","Smart Automation Co"
"Barbara Martin","barbara.martin@operationsexcel.com","Operations Excellence LLC"
"Andrew Hill","","Mobile App Ventures"
"Michelle Thompson","michelle.thompson@healthcaresyste.com","Healthcare Systems Inc"
"Barbara Campbell","barbara.campbell@strategyconsult.com","Strategy Consultants"
"Christopher Flores","christopher.flores@cybersecuritypl.com",""
"Steven Lewis","steven.lewis@supplychainsolu.com","Supply Chain Solutions"
"Patricia Hall","","Supply Chain Solutions"
"Stephanie Miller","stephanie.miller@marketinginnova.com","Marketing Innovations"
"Andrew Lewis","andrew.lewis@educationplatfo.com","Education Platform Ltd"
"Elizabeth Young","elizabeth.young@strategyconsult.com","Strategy Consultants"
"Michael Walker","michael.walker@enterprisesoftw.com","Enterprise Software Solutions"
"Kimberly Gonzalez","kimberly.gonzalez@dataanalyticspr.com","Data Analytics Pro"
"Melissa Gonzalez","melissa.gonzalez@salesoptimizati.com","Sales Optimization Group"
"Linda Williams","linda.williams@salesoptimizati.com","Sales Optimization Group"
"Ashley Flores","ashley.flores@techsolutionsin.com","Tech Solutions Inc"
"Emily Miller","emily.miller@strategyconsult.com","Strategy Consultants"
"Joseph Flores","joseph.flores@financialtechco.com","Financial Tech Corp"
"Andrew Williams","andrew.williams@webdevelopments.com","Web Development Studios"
"Donna Mitchell","donna.mitchell@customersuccess.com","Customer Success Partners"
"Elizabeth Campbell","elizabeth.campbell@educationplatfo.com","Education Platform Ltd"
"William Hernandez","william.hernandez@globalinnovatio.com","Global Innovations LLC"
"Michelle Nguyen","michelle.nguyen@financialtechco.com","Financial Tech Corp"
"Jennifer Mitchell","jennifer.mitchell@supplychainsolu.com","Supply Chain Solutions"
"Ashley Harris","ashley.harris@cloudservicesgr.com","Cloud Services Group"
"Ronald Lopez","ronald.lopez@dataanalyticspr.com","Data Analytics Pro"
"William Sanchez","william.sanchez@webdevelopments.com","Web Development Studios"
"Mary Walker","mary.walker@healthcaresyste.com","Healthcare Systems Inc"
"Stephanie King","stephanie.king@nextgensystems.com","NextGen Systems"
"Patricia Gonzalez","patricia.gonzalez@supplychainsolu.com","Supply Chain Solutions"
"William Baker","william.baker@supplychainsolu.com","Supply Chain Solutions"
"Sarah Hall","sarah.hall@healthcaresyste.com","Healthcare Systems Inc"
"Jessica Thompson","jessica.thompson@financialtechco.com","Financial Tech Corp"
"Brian Adams","brian.adams@supplychainsolu.com","Supply Chain Solutions"
"Elizabeth Gonzalez","elizabeth.gonzalez@mobileappventur.com","Mobile App Ventures"
"Karen Adams","karen.adams@operationsexcel.com","Operations Excellence LLC"
"Sarah Baker","sarah.baker@webdevelopments.com","Web Development Studios"
"Anthony Miller","anthony.miller@nextgensystems.com","NextGen Systems"
"Amanda Young","amanda.young@customersuccess.com","Customer Success Partners"
"Emily Thomas","emily.thomas@educationplatfo.com","Education Platform Ltd"
"Paul Nelson","paul.nelson@dataanalyticspr.com","Data Analytics Pro"
"Jennifer Carter","jennifer.carter@logisticsmanage.com","Logistics Management Inc"
"Daniel Thomas","daniel.thomas@strategyconsult.com","Strategy Consultants"
"Linda Flores","linda.flores@dataanalyticspr.com","Data Analytics Pro"
"Sarah Carter","sarah.carter@productdesignco.com","Product Design Co"
"Richard Johnson","richard.johnson@supplychainsolu.com","Supply Chain Solutions"
"James Walker","james.walker@healthcaresyste.com","Healthcare Systems Inc"
"Michael Scott","michael.scott@digitaldynamics.com","Digital Dynamics Corp"
"John Wilson","john.wilson@nextgensystems.com","NextGen Systems"
"Emily Robinson","emily.robinson@customersuccess.com","Customer Success Partners"
"Kenneth Anderson","kenneth.anderson@financialtechco.com","Financial Tech Corp"
"Sandra Martin","sandra.martin@educationplatfo.com","Education Platform Ltd"
"Susan Smith","susan.smith@quantumcomputin.com","Quantum Computing Ltd"
"Jennifer Rivera","jennifer.rivera@enterprisesoftw.com","Enterprise Software Solutions"
"Kevin Roberts","kevin.roberts@salesoptimizati.com","Sales Optimization Group"
"Stephanie Nguyen","stephanie.nguyen@dataanalyticspr.com","Data Analytics Pro"
"Brian Moore","brian.moore@dataanalyticspr.com","Data Analytics Pro"
"Sarah Allen","sarah.allen@dataanalyticspr.com","Data Analytics Pro"
"Mary Harris","mary.harris@financialtechco.com","Financial Tech Corp"
"Stephanie Jackson","stephanie.jackson@mobileappventur.com","Mobile App Ventures"
"Richard Davis","richard.davis@educationplatfo.com","Education Platform Ltd"
"Sandra Wilson","sandra.wilson@salesoptimizati.com","Sales Optimization Group"
"Timothy Lewis","timothy.lewis@operationsexcel.com","Operations Excellence LLC"
"Anthony Rivera","anthony.rivera@strategyconsult.com","Strategy Consultants"
"Emily Garcia","emily.garcia@operationsexcel.com","Operations Excellence LLC"
"Nancy White","nancy.white@quantumcomputin.com","Quantum Computing Ltd"
"Mark King","mark.king@educationplatfo.com","Education Platform Ltd"
"Linda Robinson","linda.robinson@healthcaresyste.com","Healthcare Systems Inc"
"Linda Wilson","linda.wilson@digitaldynamics.com","Digital Dynamics Corp"
"Jennifer King","jennifer.king@cloudservicesgr.com","Cloud Services Group"
"Amanda Moore","amanda.moore@nextgensystems.com","NextGen Systems"
"William Carter","william.carter@operationsexcel.com","Operations Excellence LLC"
"Andrew Adams","andrew.adams@marketinginnova.com","Marketing Innovations"
"Patricia Young","patricia.young@quantumcomputin.com","Quantum Computing Ltd"
"Betty Roberts","betty.roberts@cybersecuritypl.com","Cyber Security Plus"
"Carol Miller","carol.miller@cybersecuritypl.com","Cyber Security Plus"
"Barbara King","barbara.king@smartautomation.com","Smart Automation Co"
"Betty Roberts","betty.roberts@educationplatfo.com","Education Platform Ltd"
"Sandra Miller","sandra.miller@techsolutionsin.com","Tech Solutions Inc"
"Joseph Roberts","joseph.roberts@marketinginnova.com","Marketing Innovations"
"Mary Garcia","mary.garcia@healthcaresyste.com","Healthcare Systems Inc"
"Kimberly Baker","kimberly.baker@logisticsmanage.com","Logistics Management Inc"
"Lisa Scott","lisa.scott@supplychainsolu.com","Supply Chain Solutions"
"Michelle Jackson","michelle.jackson@nextgensystems.com","NextGen Systems"
"Christopher Smith","christopher.smith@strategyconsult.com","Strategy Consultants"
"Anthony Campbell","anthony.campbell@aitechnologies.com","AI Technologies"
"Donald Miller","donald.miller@salesoptimizati.com","Sales Optimization Group"
"Michelle Wilson","michelle.wilson@financialtechco.com","Financial Tech Corp"
"Michelle Lopez","michelle.lopez@productdesignco.com","Product Design Co"
"John Davis","john.davis@supplychainsolu.com","Supply Chain Solutions"
"Richard Jones","richard.jones@dataanalyticspr.com","Data Analytics Pro"
"Carol Young","carol.young@globalinnovatio.com","Global Innovations LLC"
"Elizabeth Nelson","elizabeth.nelson@techsolutionsin.com","Tech Solutions Inc"
"Linda White","linda.white@customersuccess.com","Customer Success Partners"
"Margaret Thomas","margaret.thomas@strategyconsult.com","Strategy Consultants"
"Linda Rodriguez","linda.rodriguez@strategyconsult.com","Strategy Consultants"
"Patricia Allen","patricia.allen@digitaldynamics.com","Digital Dynamics Corp"
"Brian Gonzalez","brian.gonzalez@dataanalyticspr.com","Data Analytics Pro"
"Barbara Perez","barbara.perez@healthcaresyste.com","Healthcare Systems Inc"
"David Green","david.green@enterprisesoftw.com","Enterprise Software Solutions"
"Ashley Nguyen","ashley.nguyen@educationplatfo.com","Education Platform Ltd"
"Joshua White","joshua.white@salesoptimizati.com","Sales Optimization Group"
"William Torres","william.torres@nextgensystems.com","NextGen Systems"
"Daniel Mitchell","daniel.mitchell@techsolutionsin.com","Tech Solutions Inc"
"George Thompson","george.thompson@dataanalyticspr.com","Data Analytics Pro"
"Paul Anderson","paul.anderson@globalinnovatio.com","Global Innovations LLC"
"Susan Miller","susan.miller@educationplatfo.com","Education Platform Ltd"
"Elizabeth Adams","elizabeth.adams@customersuccess.com",""
"Kevin Campbell","","Education Platform Ltd"
"Joseph Williams","joseph.williams@financialtechco.com","Financial Tech Corp"
"Melissa Carter","melissa.carter@mobileappventur.com","Mobile App Ventures"
"","kevin.baker@customersuccess.com","Customer Success Partners"
"Joseph Torres","brian.brown@salesoptimizati.com","E-Commerce Experts"
"Sandra Rodriguez","sandra.rodriguez@enterprisesoftw.com","Enterprise Software Solutions"
"Kenneth Lee","kenneth.lee@dataanalyticspr.com",""
"Robert Allen","robert.allen@marketinginnova.com","Marketing Innovations"
"Christopher Davis","@webdevelopments.com","Web Development Studios"
"Mary Miller","mary.miller@supplychainsolu.com","Supply Chain Solutions"
"William Baker","","Data Analytics Pro"
"Richard Garcia","richard.garcia@mobileappventur.com","Mobile App Ventures"
"Sarah Scott","sarah.scott@globalinnovatio.com",""
"Kevin Flores","kevin.flores@enterprisesoftw.com","Enterprise Software Solutions"
"Thomas Anderson","thomas.anderson@marketinginnova.com","Marketing Innovations"
"","robert.campbell@customersuccess.com","Customer Success Partners"
"Thomas Carter","thomas.carter@marketinginnova.com","Marketing Innovations"
"Kevin Taylor","invalid.format","Customer Success Partners"
"Matthew Miller","matthew.miller@dataanalyticspr.com","Data Analytics Pro"
"Patricia Allen","patricia.allen@techsolutionsin.com","Tech Solutions Inc"
"Nancy Taylor","","Marketing Innovations"
"Betty Taylor","betty.taylor@logisticsmanage.com","Logistics Management Inc"
"","margaret.jones@educationplatfo.com","Education Platform Ltd"
"Paul Thomas","paul.thomas@educationplatfo.com","Education Platform Ltd"
"Linda Baker","linda.baker@supplychainsolu.com",""
"Jessica Allen","brian.brown@salesoptimizati.com","Data Analytics Pro"
"Mary Flores","mary.flores@educationplatfo.com","Education Platform Ltd"
"Joshua Martinez","","Digital Dynamics Corp"
"Jessica Hernandez","jessica.hernandez@cloudservicesgr.com","Cloud Services Group"
"Lisa Williams","lisa.williams@productdesignco.com",""
"Carol Hill","carol.hill@dataanalyticspr.com","Data Analytics Pro"
"John Jones","notvalid@","NextGen Systems"
"David Johnson","david.johnson@educationplatfo.com","Education Platform Ltd"
"Sarah White","","NextGen Systems"
"Patricia Thompson","patricia.thompson@cloudservicesgr.com","Cloud Services Group"
"Karen Johnson","karen.johnson@nextgensystems.com",""
"Elizabeth Rivera","elizabeth.rivera@salesoptimizati.com","Sales Optimization Group"
"Deborah Hernandez","","E-Commerce Experts"
"Amanda Green","amanda.green@salesoptimizati.com","Sales Optimization Group"
"Lisa Lewis","lisa.lewis@logisticsmanage.com","Logistics Management Inc"
"Richard Harris","richard.harris@logisticsmanage.com","Logistics Management Inc"
"Donald Flores","donald.flores@marketinginnova.com","Marketing Innovations"
"Sarah Hernandez","sarah.hernandez@globalinnovatio.com","Global Innovations LLC"
"Joshua Rodriguez","joshua.rodriguez@marketinginnova.com","Marketing Innovations"
"Timothy Miller","timothy.miller@logisticsmanage.com","Logistics Management Inc"
"Patricia Thomas","patricia.thomas@salesoptimizati.com","Sales Optimization Group"
"Christopher Flores","christopher.flores@strategyconsult.com","Strategy Consultants"
"Margaret Martinez","margaret.martinez@cloudservicesgr.com","Cloud Services Group"
"Lisa Rodriguez","lisa.rodriguez@globalinnovatio.com","Global Innovations LLC"
"Richard Wright","richard.wright@salesoptimizati.com","Sales Optimization Group"
"James Scott","james.scott@productdesignco.com","Product Design Co"
"Carol Jones","carol.jones@cloudservicesgr.com","Cloud Services Group"
"Michelle Baker","michelle.baker@productdesignco.com","Product Design Co"
"Patricia Anderson","patricia.anderson@aitechnologies.com","AI Technologies"
"Mary Jones","mary.jones@mobileappventur.com","Mobile App Ventures"
"Kenneth Rodriguez","kenneth.rodriguez@healthcaresyste.com","Healthcare Systems Inc"
"Timothy Hill","timothy.hill@quantumcomputin.com","Quantum Computing Ltd"
"Joseph Hernandez","joseph.hernandez@marketinginnova.com","Marketing Innovations"
"Elizabeth King","elizabeth.king@financialtechco.com","Financial Tech Corp"
"Emily Lee","emily.lee@globalinnovatio.com","Global Innovations LLC"
"Lisa Taylor","lisa.taylor@mobileappventur.com","Mobile App Ventures"
"Mary Perez","mary.perez@cloudservicesgr.com","Cloud Services Group"
"Stephanie Allen","stephanie.allen@dataanalyticspr.com","Data Analytics Pro"
"Deborah Young","deborah.young@strategyconsult.com","Strategy Consultants"
"Jennifer Carter","jennifer.carter@enterprisesoftw.com","Enterprise Software Solutions"
"Timothy Martinez","timothy.martinez@educationplatfo.com","Education Platform Ltd"
"Christopher Mitchell","christopher.mitchell@cloudservicesgr.com","Cloud Services Group"
"Michelle Roberts","michelle.roberts@strategyconsult.com","Strategy Consultants"
"William Johnson","william.johnson@nextgensystems.com","NextGen Systems"
"Kimberly Martin","kimberly.martin@productdesignco.com","Product Design Co"
"Mary Wright","mary.wright@enterprisesoftw.com","Enterprise Software Solutions"
"Donald Roberts","donald.roberts@cybersecuritypl.com","Cyber Security Plus"
"Ashley Sanchez","ashley.sanchez@healthcaresyste.com","Healthcare Systems Inc"
"Andrew Nguyen","andrew.nguyen@quantumcomputin.com","Quantum Computing Ltd"
"Anthony Rodriguez","anthony.rodriguez@ecommerceexpert.com","E-Commerce Experts"
"Brian Torres","brian.torres@productdesignco.com","Product Design Co"
"Steven Lewis","steven.lewis@marketinginnova.com","Marketing Innovations"
"Sarah Thomas","sarah.thomas@globalinnovatio.com","Global Innovations LLC"
"Jessica Hernandez","jessica.hernandez@educationplatfo.com","Education Platform Ltd"
"Christopher Clark","christopher.clark@salesoptimizati.com","Sales Optimization Group"
"Richard Jones","richard.jones@mobileappventur.com","Mobile App Ventures"
"Kenneth Nguyen","kenneth.nguyen@enterprisesoftw.com","Enterprise Software Solutions"
"Timothy Roberts","timothy.roberts@aitechnologies.com","AI Technologies"
"Paul Baker","paul.baker@smartautomation.com","Smart Automation Co"
"Susan Roberts","susan.roberts@techsolutionsin.com","Tech Solutions Inc"
"Kevin Sanchez","kevin.sanchez@supplychainsolu.com","Supply Chain Solutions"
"Amanda Wright","amanda.wright@financialtechco.com","Financial Tech Corp"
"Mary Miller","mary.miller@salesoptimizati.com","Sales Optimization Group"
"Amanda Scott","amanda.scott@productdesignco.com","Product Design Co"
"Patricia Brown","patricia.brown@dataanalyticspr.com","Data Analytics Pro"
"John Scott","john.scott@cloudservicesgr.com","Cloud Services Group"
"Paul Lewis","paul.lewis@cloudservicesgr.com","Cloud Services Group"
"James Williams","james.williams@operationsexcel.com","Operations Excellence LLC"
"Mark Flores","mark.flores@ecommerceexpert.com","E-Commerce Experts"
"Thomas Baker","thomas.baker@productdesignco.com","Product Design Co"
"Margaret Wright","margaret.wright@mobileappventur.com","Mobile App Ventures"
"William Mitchell","william.mitchell@digitaldynamics.com","Digital Dynamics Corp"
"Sarah Green","sarah.green@aitechnologies.com","AI Technologies"
"Robert Robinson","robert.robinson@enterprisesoftw.com","Enterprise Software Solutions"
"George Brown","george.brown@operationsexcel.com","Operations Excellence LLC"
"Deborah Davis","deborah.davis@ecommerceexpert.com","E-Commerce Experts"
"Mary Rodriguez","mary.rodriguez@healthcaresyste.com","Healthcare Systems Inc"
"Joshua Baker","joshua.baker@digitaldynamics.com","Digital Dynamics Corp"
"William Harris","william.harris@nextgensystems.com","NextGen Systems"
"Jessica Smith","jessica.smith@cybersecuritypl.com","Cyber Security Plus"
"Susan Sanchez","susan.sanchez@salesoptimizati.com","Sales Optimization Group"
"Jennifer Wright","jennifer.wright@logisticsmanage.com","Logistics Management Inc"
"Mary Rivera","mary.rivera@strategyconsult.com","Strategy Consultants"
"Ronald Martin","ronald.martin@logisticsmanage.com","Logistics Management Inc"
"Carol Lee","carol.lee@digitaldynamics.com","Digital Dynamics Corp"
"Anthony Garcia","anthony.garcia@marketinginnova.com","Marketing Innovations"
"Donna Moore","donna.moore@cloudservicesgr.com","Cloud Services Group"
"Margaret Davis","margaret.davis@quantumcomputin.com","Quantum Computing Ltd"
"Steven Lee","steven.lee@logisticsmanage.com","Logistics Management Inc"
"Jennifer Nguyen","jennifer.nguyen@mobileappventur.com","Mobile App Ventures"
"Anthony Baker","anthony.baker@enterprisesoftw.com","Enterprise Software Solutions"
"Ashley Miller","ashley.miller@cybersecuritypl.com","Cyber Security Plus"
"Ronald Smith","ronald.smith@webdevelopments.com","Web Development Studios"
"Mary Mitchell","mary.mitchell@educationplatfo.com","Education Platform Ltd"
"Betty Thompson","betty.thompson@educationplatfo.com","Education Platform Ltd"
"Margaret Allen","margaret.allen@dataanalyticspr.com","Data Analytics Pro"
"Daniel Torres","daniel.torres@marketinginnova.com","Marketing Innovations"
"Mark Robinson","mark.robinson@marketinginnova.com","Marketing Innovations"
"Sarah Nelson","sarah.nelson@globalinnovatio.com","Global Innovations LLC"
"Anthony Nguyen","anthony.nguyen@cloudservicesgr.com","Cloud Services Group"
"Nancy Perez","nancy.perez@ecommerceexpert.com","E-Commerce Experts"
"Margaret Rivera","margaret.rivera@mobileappventur.com","Mobile App Ventures"
"Kevin Robinson","kevin.robinson@educationplatfo.com","Education Platform Ltd"
"Anthony Hill","anthony.hill@digitaldynamics.com","Digital Dynamics Corp"
"Kevin Roberts","kevin.roberts@operationsexcel.com","Operations Excellence LLC"
"Daniel Anderson","daniel.anderson@cloudservicesgr.com","Cloud Services Group"
"Barbara Martin","barbara.martin@dataanalyticspr.com","Data Analytics Pro"
"Jessica Robinson","jessica.robinson@ecommerceexpert.com","E-Commerce Experts"
"Thomas Miller","thomas.miller@salesoptimizati.com","Sales Optimization Group"
"Robert Jackson","robert.jackson@ecommerceexpert.com","E-Commerce Experts"
"Kimberly Miller","kimberly.miller@operationsexcel.com","Operations Excellence LLC"
"Richard Anderson","richard.anderson@productdesignco.com","Product Design Co"
"Brian Miller","brian.miller@smartautomation.com","Smart Automation Co"
"Carol Young","carol.young@digitaldynamics.com","Digital Dynamics Corp"
"John Lewis","john.lewis@smartautomation.com","Smart Automation Co"
"Amanda Taylor","amanda.taylor@salesoptimizati.com","Sales Optimization Group"
"Ashley Mitchell","ashley.mitchell@nextgensystems.com","NextGen Systems"
"Jennifer Jones","jennifer.jones@operationsexcel.com","Operations Excellence LLC"
"Donald Anderson","donald.anderson@webdevelopments.com","Web Development Studios"
"Thomas Lopez","thomas.lopez@productdesignco.com","Product Design Co"
"Susan Perez","susan.perez@digitaldynamics.com","Digital Dynamics Corp"
"Michael Brown","michael.brown@globalinnovatio.com","Global Innovations LLC"
"William Moore","william.moore@financialtechco.com","Financial Tech Corp"
"Thomas Martinez","thomas.martinez@enterprisesoftw.com","Enterprise Software Solutions"
"Sandra White","sandra.white@webdevelopments.com","Web Development Studios"
"Mark Harris","mark.harris@digitaldynamics.com","Digital Dynamics Corp"
"Anthony Lee","anthony.lee@educationplatfo.com","Education Platform Ltd"
"Emily Jones","emily.jones@cloudservicesgr.com","Cloud Services Group"
"Christopher Hernandez","christopher.hernandez@ecommerceexpert.com","E-Commerce Experts"
"Elizabeth Roberts","elizabeth.roberts@salesoptimizati.com","Sales Optimization Group"
"Nancy Wilson","nancy.wilson@customersuccess.com","Customer Success Partners"
"Paul Brown","paul.brown@smartautomation.com","Smart Automation Co"
"Daniel Sanchez","daniel.sanchez@financialtechco.com","Financial Tech Corp"
"Christopher Scott","christopher.scott@ecommerceexpert.com","E-Commerce Experts"
"Amanda Clark","amanda.clark@productdesignco.com","Product Design Co"
"Kevin Baker","kevin.baker@nextgensystems.com","NextGen Systems"
"Amanda Williams","amanda.williams@aitechnologies.com","AI Technologies"
"Joshua Wilson","joshua.wilson@supplychainsolu.com","Supply Chain Solutions"
"Carol Gonzalez","carol.gonzalez@enterprisesoftw.com","Enterprise Software Solutions"
"Karen Taylor","karen.taylor@educationplatfo.com","Education Platform Ltd"
"Donna Hill","donna.hill@supplychainsolu.com","Supply Chain Solutions"
"Christopher Lee","christopher.lee@cybersecuritypl.com","Cyber Security Plus"
"Michelle Allen","michelle.allen@nextgensystems.com","NextGen Systems"
"Christopher Williams","christopher.williams@globalinnovatio.com","Global Innovations LLC"
"Ronald Lee","ronald.lee@digitaldynamics.com","Digital Dynamics Corp"
"Karen Torres","karen.torres@salesoptimizati.com","Sales Optimization Group"
"Jennifer Young","jennifer.young@educationplatfo.com","Education Platform Ltd"
"Betty Hall","betty.hall@marketinginnova.com","Marketing Innovations"
"Matthew Scott","matthew.scott@ecommerceexpert.com","E-Commerce Experts"
"Mary Walker","mary.walker@marketinginnova.com","Marketing Innovations"
"David Brown","david.brown@ecommerceexpert.com","E-Commerce Experts"
"Andrew Young","andrew.young@ecommerceexpert.com","E-Commerce Experts"
"Barbara Ramirez","barbara.ramirez@techsolutionsin.com","Tech Solutions Inc"
"George Rivera","george.rivera@logisticsmanage.com","Logistics Management Inc"
"Christopher Mitchell","christopher.mitchell@logisticsmanage.com","Logistics Management Inc"
"Susan Johnson","susan.johnson@strategyconsult.com","Strategy Consultants"
"Michael Adams","michael.adams@operationsexcel.com","Operations Excellence LLC"
"Amanda Roberts","amanda.roberts@aitechnologies.com","AI Technologies"
"Elizabeth Flores","elizabeth.flores@customersuccess.com","Customer Success Partners"
"Jennifer Miller","jennifer.miller@smartautomation.com","Smart Automation Co"
"Daniel Davis","daniel.davis@financialtechco.com","Financial Tech Corp"
"Kimberly Allen","kimberly.allen@techsolutionsin.com","Tech Solutions Inc"
"Emily Taylor","emily.taylor@enterprisesoftw.com","Enterprise Software Solutions"
"Amanda Martinez","amanda.martinez@healthcaresyste.com","Healthcare Systems Inc"
"Margaret Jones","margaret.jones@dataanalyticspr.com","Data Analytics Pro"
"Kenneth Thomas","kenneth.thomas@marketinginnova.com","Marketing Innovations"
"Steven Martin","steven.martin@educationplatfo.com","Education Platform Ltd"
"Kevin White","kevin.white@techsolutionsin.com","Tech Solutions Inc"
"Donald Martin","donald.martin@customersuccess.com","Customer Success Partners"
"Ronald White","ronald.white@quantumcomputin.com","Quantum Computing Ltd"
"Elizabeth Baker","elizabeth.baker@aitechnologies.com","AI Technologies"
"Donna Wilson","donna.wilson@dataanalyticspr.com","Data Analytics Pro"
"Donna Clark","donna.clark@productdesignco.com","Product Design Co"
"Anthony Allen","anthony.allen@smartautomation.com","Smart Automation Co"
"Mark Jones","mark.jones@aitechnologies.com",""
"Ronald Wright","","NextGen Systems"
"David Clark","david.clark@financialtechco.com","Financial Tech Corp"
"Kevin Jones","brian.brown@salesoptimizati.com","Sales Optimization Group"
"Michael Gonzalez","michael.gonzalez@mobileappventur.com","Mobile App Ventures"
"","elizabeth.king@enterprisesoftw.com","Enterprise Software Solutions"
"Brian Martinez","brian.martinez@strategyconsult.com","Strategy Consultants"
"William Scott","","Marketing Innovations"
"Thomas Smith","thomas.smith@techsolutionsin.com","Tech Solutions Inc"
"Nancy Young","nancy.young@cybersecuritypl.com",""
"Carol Jackson","carol.jackson@customersuccess.com","Customer Success Partners"
"Christopher Williams","invalid@format","E-Commerce Experts"
"Anthony Johnson","anthony.johnson@marketinginnova.com","Marketing Innovations"
"Kevin Clark","","Smart Automation Co"
"Margaret Hernandez","margaret.hernandez@globalinnovatio.com","Global Innovations LLC"
"Michael Young","michael.young@salesoptimizati.com",""
"David Johnson","david.johnson@techsolutionsin.com","Tech Solutions Inc"
"Kenneth Adams","kenneth.adams@healthcaresyste.com","Healthcare Systems Inc"
"","deborah.miller@digitaldynamics.com","Digital Dynamics Corp"
"Nancy Walker","nancy.walker@cloudservicesgr.com","Cloud Services Group"
"Mary Torres","mary.torres@mobileappventur.com","Mobile App Ventures"
"Melissa Allen","","Enterprise Software Solutions"
"Mark Hernandez","mark.hernandez@smartautomation.com","Smart Automation Co"
"Anthony Hernandez","brian.brown@salesoptimizati.com","Digital Dynamics Corp"
"Matthew Taylor","matthew.taylor@mobileappventur.com",""
"Jennifer Scott","jennifer.scott@enterprisesoftw.com","Enterprise Software Solutions"
"Elizabeth Hall","","Tech Solutions Inc"
"John Hernandez","john.hernandez@operationsexcel.com","Operations Excellence LLC"
"Brian Lopez","brian.lopez@strategyconsult.com",""
"Jennifer Campbell","jennifer.campbell@marketinginnova.com","Marketing Innovations"
"Amanda Martin","invalid-email","Web Development Studios"
"Jennifer Davis","jennifer.davis@nextgensystems.com","NextGen Systems"
"Barbara Jackson","","E-Commerce Experts"
"James Williams","james.williams@educationplatfo.com","Education Platform Ltd"
"Jessica Carter","jessica.carter@logisticsmanage.com",""
"James Mitchell","james.mitchell@quantumcomputin.com","Quantum Computing Ltd"
"Richard White","","Tech Solutions Inc"
"Patricia Hernandez","patricia.hernandez@techsolutionsin.com","Tech Solutions Inc"
"Betty Walker","betty.walker@enterprisesoftw.com","Enterprise Software Solutions"
"","james.williams@globalinnovatio.com","Global Innovations LLC"
"Jennifer Lee","jennifer.lee@webdevelopments.com","Web Development Studios"
"Michelle Rodriguez","michelle.rodriguez@operationsexcel.com","Operations Excellence LLC"
"Margaret Jackson","margaret.jackson@nextgensystems.com","NextGen Systems"
"Michelle Ramirez","michelle.ramirez@webdevelopments.com","Web Development Studios"
"Mary Scott","mary.scott@salesoptimizati.com","Sales Optimization Group"
"Sarah Mitchell","sarah.mitchell@nextgensystems.com","NextGen Systems"
"Paul Rodriguez","paul.rodriguez@mobileappventur.com","Mobile App Ventures"
"Paul Wright","paul.wright@cloudservicesgr.com","Cloud Services Group"
"Margaret Gonzalez","margaret.gonzalez@techsolutionsin.com","Tech Solutions Inc"
"Carol Anderson","carol.anderson@digitaldynamics.com","Digital Dynamics Corp"
"Karen Mitchell","karen.mitchell@enterprisesoftw.com","Enterprise Software Solutions"
"Ronald Walker","ronald.walker@smartautomation.com","Smart Automation Co"
"Deborah Davis","deborah.davis@techsolutionsin.com","Tech Solutions Inc"
"George Carter","george.carter@globalinnovatio.com","Global Innovations LLC"
"Timothy Davis","timothy.davis@cloudservicesgr.com","Cloud Services Group"
"Michael Allen","michael.allen@salesoptimizati.com","Sales Optimization Group"
"Christopher Jones","christopher.jones@salesoptimizati.com","Sales Optimization Group"
"Donald Flores","donald.flores@supplychainsolu.com","Supply Chain Solutions"
"Steven Hernandez","steven.hernandez@salesoptimizati.com","Sales Optimization Group"
"Susan Harris","susan.harris@operationsexcel.com","Operations Excellence LLC"
"Kimberly Rivera","kimberly.rivera@cybersecuritypl.com","Cyber Security Plus"
"Ronald Robinson","ronald.robinson@nextgensystems.com","NextGen Systems"
"Jessica Allen","jessica.allen@supplychainsolu.com","Supply Chain Solutions"
"Ronald Nelson","ronald.nelson@logisticsmanage.com","Logistics Management Inc"
"Ashley Harris","ashley.harris@financialtechco.com","Financial Tech Corp"
"Anthony Young","anthony.young@healthcaresyste.com","Healthcare Systems Inc"
"Matthew Flores","matthew.flores@financialtechco.com","Financial Tech Corp"
"Lisa Campbell","lisa.campbell@ecommerceexpert.com","E-Commerce Experts"
"John Lewis","john.lewis@nextgensystems.com","NextGen Systems"
"Anthony Mitchell","anthony.mitchell@healthcaresyste.com","Healthcare Systems Inc"
"Ronald White","ronald.white@healthcaresyste.com","Healthcare Systems Inc"
"Nancy Green","nancy.green@customersuccess.com","Customer Success Partners"
"Kimberly Roberts","kimberly.roberts@aitechnologies.com","AI Technologies"
"Steven Mitchell","steven.mitchell@enterprisesoftw.com","Enterprise Software Solutions"
"Mark Brown","mark.brown@customersuccess.com","Customer Success Partners"
"Melissa Carter","melissa.carter@healthcaresyste.com","Healthcare Systems Inc"
"Paul Nguyen","paul.nguyen@logisticsmanage.com","Logistics Management Inc"
"Kevin Martin","kevin.martin@dataanalyticspr.com","Data Analytics Pro"
"Barbara Garcia","barbara.garcia@globalinnovatio.com","Global Innovations LLC"
"Andrew Green","andrew.green@supplychainsolu.com","Supply Chain Solutions"
"Deborah Wilson","deborah.wilson@operationsexcel.com","Operations Excellence LLC"
"Timothy Torres","timothy.torres@customersuccess.com","Customer Success Partners"
"Sarah Wilson","sarah.wilson@mobileappventur.com","Mobile App Ventures"
"Karen Martin","karen.martin@globalinnovatio.com","Global Innovations LLC"
"Andrew Rodriguez","andrew.rodriguez@strategyconsult.com","Strategy Consultants"
"Patricia Wilson","patricia.wilson@globalinnovatio.com","Global Innovations LLC"
"Steven Hill","steven.hill@operationsexcel.com","Operations Excellence LLC"
"Robert Campbell","robert.campbell@supplychainsolu.com","Supply Chain Solutions"
"Patricia Green","patricia.green@salesoptimizati.com","Sales Optimization Group"
"Margaret Williams","margaret.williams@cloudservicesgr.com","Cloud Services Group"
"Matthew Flores","matthew.flores@operationsexcel.com","Operations Excellence LLC"
"Susan Jones","susan.jones@marketinginnova.com","Marketing Innovations"
"Robert Miller","robert.miller@operationsexcel.com","Operations Excellence LLC"
"Mark Carter","mark.carter@healthcaresyste.com","Healthcare Systems Inc"
"Thomas King","thomas.king@cybersecuritypl.com","Cyber Security Plus"
"Mary Wilson","mary.wilson@webdevelopments.com","Web Development Studios"
"William White","william.white@nextgensystems.com","NextGen Systems"
"Melissa Nelson","melissa.nelson@productdesignco.com","Product Design Co"
"William Nelson","william.nelson@digitaldynamics.com","Digital Dynamics Corp"
"George Flores","george.flores@globalinnovatio.com","Global Innovations LLC"
"Jessica Anderson","jessica.anderson@digitaldynamics.com","Digital Dynamics Corp"
"Joshua Rodriguez","joshua.rodriguez@dataanalyticspr.com","Data Analytics Pro"
"Linda Scott","linda.scott@enterprisesoftw.com","Enterprise Software Solutions"
"Sandra Torres","sandra.torres@smartautomation.com","Smart Automation Co"
"Thomas Hill","thomas.hill@nextgensystems.com","NextGen Systems"
"Deborah Johnson","deborah.johnson@webdevelopments.com","Web Development Studios"
"Carol Robinson","carol.robinson@customersuccess.com","Customer Success Partners"
"Anthony Lee","anthony.lee@logisticsmanage.com","Logistics Management Inc"
"Joshua Miller","joshua.miller@strategyconsult.com","Strategy Consultants"
"Barbara Walker","barbara.walker@salesoptimizati.com","Sales Optimization Group"
"Sandra Rodriguez","sandra.rodriguez@educationplatfo.com","Education Platform Ltd"
"David Hall","david.hall@supplychainsolu.com","Supply Chain Solutions"
"Nancy Hill","nancy.hill@smartautomation.com","Smart Automation Co"
"Emily Campbell","emily.campbell@educationplatfo.com","Education Platform Ltd"
"Donna Jackson","donna.jackson@quantumcomputin.com","Quantum Computing Ltd"
"Matthew Mitchell","matthew.mitchell@ecommerceexpert.com","E-Commerce Experts"
"Kenneth Baker","kenneth.baker@dataanalyticspr.com","Data Analytics Pro"
"James Thompson","james.thompson@healthcaresyste.com","Healthcare Systems Inc"
"Stephanie Brown","stephanie.brown@operationsexcel.com","Operations Excellence LLC"
"Barbara Miller","barbara.miller@cybersecuritypl.com","Cyber Security Plus"
"Emily Harris","emily.harris@salesoptimizati.com","Sales Optimization Group"
"Susan Jackson","susan.jackson@cybersecuritypl.com","Cyber Security Plus"
"Emily Carter","emily.carter@dataanalyticspr.com","Data Analytics Pro"
"Jennifer Mitchell","jennifer.mitchell@customersuccess.com","Customer Success Partners"
"Christopher Lee","christopher.lee@educationplatfo.com","Education Platform Ltd"
"Robert Hernandez","robert.hernandez@cybersecuritypl.com","Cyber Security Plus"
"John King","john.king@smartautomation.com","Smart Automation Co"
"Linda Hill","linda.hill@cloudservicesgr.com","Cloud Services Group"
"Kevin Williams","kevin.williams@nextgensystems.com","NextGen Systems"
"Stephanie Nguyen","stephanie.nguyen@marketinginnova.com","Marketing Innovations"
"Jennifer Baker","jennifer.baker@webdevelopments.com","Web Development Studios"
"Patricia Thompson","patricia.thompson@strategyconsult.com","Strategy Consultants"
"John King","john.king@techsolutionsin.com","Tech Solutions Inc"
"Sandra Martin","sandra.martin@mobileappventur.com","Mobile App Ventures"
"Joseph Miller","joseph.miller@operationsexcel.com","Operations Excellence LLC"
"Kevin Torres","kevin.torres@educationplatfo.com","Education Platform Ltd"
"Daniel Garcia","daniel.garcia@cloudservicesgr.com","Cloud Services Group"
"Joseph Johnson","joseph.johnson@customersuccess.com","Customer Success Partners"
"Melissa Garcia","melissa.garcia@webdevelopments.com","Web Development Studios"
"Michelle Hill","michelle.hill@cloudservicesgr.com","Cloud Services Group"
"Kenneth Robinson","kenneth.robinson@webdevelopments.com","Web Development Studios"
"Nancy Scott","nancy.scott@webdevelopments.com","Web Development Studios"
"Michael Wilson","michael.wilson@salesoptimizati.com","Sales Optimization Group"
"Kenneth Wright","kenneth.wright@educationplatfo.com","Education Platform Ltd"
"Sarah King","sarah.king@quantumcomputin.com","Quantum Computing Ltd"
"Linda Hill","linda.hill@marketinginnova.com","Marketing Innovations"
"Karen Garcia","karen.garcia@cybersecuritypl.com","Cyber Security Plus"
"Barbara Smith","barbara.smith@operationsexcel.com","Operations Excellence LLC"
"Thomas Flores","thomas.flores@webdevelopments.com","Web Development Studios"
"Lisa Rivera","lisa.rivera@salesoptimizati.com","Sales Optimization Group"
"Stephanie Gonzalez","stephanie.gonzalez@aitechnologies.com","AI Technologies"
"Karen Anderson","karen.anderson@educationplatfo.com","Education Platform Ltd"
"Brian Wright","brian.wright@dataanalyticspr.com","Data Analytics Pro"
"Kevin Thompson","kevin.thompson@cloudservicesgr.com","Cloud Services Group"
"John Wright","john.wright@enterprisesoftw.com","Enterprise Software Solutions"
"James Campbell","james.campbell@digitaldynamics.com","Digital Dynamics Corp"
"Thomas Moore","thomas.moore@cybersecuritypl.com","Cyber Security Plus"
"Thomas Perez","thomas.perez@dataanalyticspr.com","Data Analytics Pro"
"Jennifer Lopez","jennifer.lopez@nextgensystems.com","NextGen Systems"
"Daniel Carter","daniel.carter@supplychainsolu.com","Supply Chain Solutions"
"Jennifer Green","jennifer.green@smartautomation.com","Smart Automation Co"
"William Lewis","william.lewis@globalinnovatio.com","Global Innovations LLC"
"Linda Hill","linda.hill@productdesignco.com","Product Design Co"
"Kenneth Harris","kenneth.harris@strategyconsult.com","Strategy Consultants"
"Brian Lee","brian.lee@cybersecuritypl.com","Cyber Security Plus"
"Jessica Brown","jessica.brown@digitaldynamics.com","Digital Dynamics Corp"
"Lisa Moore","lisa.moore@globalinnovatio.com","Global Innovations LLC"
"Andrew Thompson","andrew.thompson@customersuccess.com","Customer Success Partners"
"James Nelson","james.nelson@webdevelopments.com","Web Development Studios"
"Thomas Brown","thomas.brown@healthcaresyste.com","Healthcare Systems Inc"
"Carol Young","carol.young@healthcaresyste.com","Healthcare Systems Inc"
"Donald Smith","donald.smith@smartautomation.com","Smart Automation Co"
"Daniel Hernandez","daniel.hernandez@smartautomation.com","Smart Automation Co"
"Lisa Lewis","lisa.lewis@techsolutionsin.com","Tech Solutions Inc"
"Joshua Campbell","joshua.campbell@healthcaresyste.com","Healthcare Systems Inc"
"Kimberly Thompson","kimberly.thompson@cybersecuritypl.com","Cyber Security Plus"
"Daniel Hall","daniel.hall@marketinginnova.com","Marketing Innovations"
"Emily Mitchell","emily.mitchell@enterprisesoftw.com","Enterprise Software Solutions"
"Linda Gonzalez","linda.gonzalez@customersuccess.com","Customer Success Partners"
"Brian Nguyen","brian.nguyen@customersuccess.com","Customer Success Partners"
"Patricia Moore","patricia.moore@dataanalyticspr.com","Data Analytics Pro"
"Matthew Williams","matthew.williams@productdesignco.com","Product Design Co"
"Elizabeth Martinez","elizabeth.martinez@supplychainsolu.com","Supply Chain Solutions"
"Mary Mitchell","mary.mitchell@financialtechco.com","Financial Tech Corp"
"Ashley Harris","ashley.harris@financialtechco.com","Financial Tech Corp"
"Matthew Smith","matthew.smith@marketinginnova.com","Marketing Innovations"
"Matthew Hall","matthew.hall@logisticsmanage.com","Logistics Management Inc"
"Thomas Hall","thomas.hall@healthcaresyste.com","Healthcare Systems Inc"
"Kevin Robinson","kevin.robinson@marketinginnova.com","Marketing Innovations"
"Patricia Nelson","patricia.nelson@enterprisesoftw.com","Enterprise Software Solutions"
"Joseph Nelson","joseph.nelson@webdevelopments.com","Web Development Studios"
"Susan Miller","susan.miller@operationsexcel.com","Operations Excellence LLC"
"Donald Johnson","donald.johnson@educationplatfo.com","Education Platform Ltd"
"Donna Jones","donna.jones@healthcaresyste.com","Healthcare Systems Inc"
"Sarah King","sarah.king@healthcaresyste.com","Healthcare Systems Inc"
"James Martin","james.martin@mobileappventur.com","Mobile App Ventures"
"Matthew Robinson","matthew.robinson@salesoptimizati.com","Sales Optimization Group"
"John Rivera","john.rivera@operationsexcel.com","Operations Excellence LLC"
"Robert Hernandez","robert.hernandez@enterprisesoftw.com","Enterprise Software Solutions"
"Kevin Hall","kevin.hall@strategyconsult.com","Strategy Consultants"
"Andrew Ramirez","andrew.ramirez@logisticsmanage.com",""
"Elizabeth Martin","","NextGen Systems"
"Carol Torres","carol.torres@mobileappventur.com","Mobile App Ventures"
"Lisa Brown","lisa.brown@strategyconsult.com",""
"Amanda Torres","brian.brown@salesoptimizati.com","NextGen Systems"
"Deborah Miller","deborah.miller@financialtechco.com","Financial Tech Corp"
"Andrew Lee","","Cloud Services Group"
"Paul Roberts","paul.roberts@webdevelopments.com","Web Development Studios"
"Susan Walker","susan.walker@globalinnovatio.com",""
"Andrew Johnson","andrew.johnson@healthcaresyste.com","Healthcare Systems Inc"
"","james.ramirez@smartautomation.com","Smart Automation Co"
"George Flores","george.flores@enterprisesoftw.com","Enterprise Software Solutions"
"Sarah Martinez","notvalid","Global Innovations LLC"
"William White","william.white@dataanalyticspr.com","Data Analytics Pro"
"Melissa Smith","","AI Technologies"
"Andrew Robinson","andrew.robinson@ecommerceexpert.com","E-Commerce Experts"
"Steven Thompson","steven.thompson@cloudservicesgr.com",""
"Jennifer Taylor","jennifer.taylor@techsolutionsin.com","Tech Solutions Inc"
"Richard Taylor","brian.brown@salesoptimizati.com","Cloud Services Group"
"Donna Harris","donna.harris@supplychainsolu.com","Supply Chain Solutions"
"Stephanie Torres","stephanie.torres@operationsexcel.com","Operations Excellence LLC"
"Elizabeth Brown","","Smart Automation Co"
"Steven Walker","steven.walker@nextgensystems.com","NextGen Systems"
"Elizabeth Thompson","elizabeth.thompson@cybersecuritypl.com",""
"Mark Ramirez","mark.ramirez@marketinginnova.com","Marketing Innovations"
"Anthony Rivera","","AI Technologies"
"Christopher Lewis","christopher.lewis@techsolutionsin.com","Tech Solutions Inc"
"Susan Allen","susan.allen@enterprisesoftw.com",""
"William Hernandez","william.hernandez@customersuccess.com","Customer Success Partners"
"Ashley Wright","bad-email-format","Data Analytics Pro"
"Betty Wilson","betty.wilson@logisticsmanage.com","Logistics Management Inc"
"James Jones","","Global Innovations LLC"
"Karen Lopez","karen.lopez@globalinnovatio.com","Global Innovations LLC"
"Thomas Davis","thomas.davis@financialtechco.com",""
"George Nelson","george.nelson@logisticsmanage.com","Logistics Management Inc"
"","sarah.taylor@operationsexcel.com","Operations Excellence LLC"
"John Martin","john.martin@ecommerceexpert.com","E-Commerce Experts"
"Joseph Smith","brian.brown@salesoptimizati.com","NextGen Systems"
"Nancy Johnson","nancy.johnson@ecommerceexpert.com","E-Commerce Experts"
"Nancy Smith","","Mobile App Ventures"
"Stephanie Rivera","stephanie.rivera@webdevelopments.com","Web Development Studios"
"Mark Green","mark.green@financialtechco.com","Financial Tech Corp"
"Emily Garcia","emily.garcia@smartautomation.com","Smart Automation Co"
"Jessica Lewis","jessica.lewis@financialtechco.com","Financial Tech Corp"
"Karen Clark","karen.clark@customersuccess.com","Customer Success Partners"
"Susan Ramirez","susan.ramirez@quantumcomputin.com","Quantum Computing Ltd"
"William Johnson","william.johnson@aitechnologies.com","AI Technologies"
"Mary Lopez","mary.lopez@enterprisesoftw.com","Enterprise Software Solutions"
"Nancy Nelson","nancy.nelson@marketinginnova.com","Marketing Innovations"
"Margaret Martinez","margaret.martinez@productdesignco.com","Product Design Co"
"Joshua Johnson","joshua.johnson@supplychainsolu.com","Supply Chain Solutions"
"Robert Hernandez","robert.hernandez@operationsexcel.com","Operations Excellence LLC"
"Sandra Baker","sandra.baker@salesoptimizati.com","Sales Optimization Group"
"Margaret Garcia","margaret.garcia@customersuccess.com","Customer Success Partners"
"Sarah Jones","sarah.jones@customersuccess.com","Customer Success Partners"
"Anthony Harris","anthony.harris@logisticsmanage.com","Logistics Management Inc"
"John Garcia","john.garcia@webdevelopments.com","Web Development Studios"
"Nancy Williams","nancy.williams@globalinnovatio.com","Global Innovations LLC"
"Lisa Clark","lisa.clark@aitechnologies.com","AI Technologies"
"Betty Mitchell","betty.mitchell@mobileappventur.com","Mobile App Ventures"
"Ashley Garcia","ashley.garcia@supplychainsolu.com","Supply Chain Solutions"
"Sandra White","sandra.white@mobileappventur.com","Mobile App Ventures"
"Ronald Ramirez","ronald.ramirez@smartautomation.com","Smart Automation Co"
"Stephanie Lee","stephanie.lee@webdevelopments.com","Web Development Studios"
"Betty Allen","betty.allen@productdesignco.com","Product Design Co"
"Amanda Rivera","amanda.rivera@strategyconsult.com","Strategy Consultants"
"Jessica Torres","jessica.torres@mobileappventur.com","Mobile App Ventures"
"Nancy Jones","nancy.jones@globalinnovatio.com","Global Innovations LLC"
"Kimberly Miller","kimberly.miller@customersuccess.com","Customer Success Partners"
"Joshua Walker","joshua.walker@financialtechco.com","Financial Tech Corp"
"Mark Ramirez","mark.ramirez@cybersecuritypl.com","Cyber Security Plus"
"Linda Davis","linda.davis@financialtechco.com","Financial Tech Corp"
"Paul Ramirez","paul.ramirez@dataanalyticspr.com","Data Analytics Pro"
"Linda Taylor","linda.taylor@salesoptimizati.com","Sales Optimization Group"
"Mark Robinson","mark.robinson@cybersecuritypl.com","Cyber Security Plus"
"Donna Flores","donna.flores@strategyconsult.com","Strategy Consultants"
"Thomas Allen","thomas.allen@educationplatfo.com","Education Platform Ltd"
"Elizabeth Nguyen","elizabeth.nguyen@enterprisesoftw.com","Enterprise Software Solutions"
"Joseph Torres","joseph.torres@ecommerceexpert.com","E-Commerce Experts"
"Ashley Hall","ashley.hall@ecommerceexpert.com","E-Commerce Experts"
"Mark Walker","mark.walker@aitechnologies.com","AI Technologies"
"Matthew Rodriguez","matthew.rodriguez@globalinnovatio.com","Global Innovations LLC"
"Michelle King","michelle.king@healthcaresyste.com","Healthcare Systems Inc"
"Ronald Martin","ronald.martin@cloudservicesgr.com","Cloud Services Group"
"Kimberly Green","kimberly.green@webdevelopments.com","Web Development Studios"
"Richard Scott","richard.scott@operationsexcel.com","Operations Excellence LLC"
"Robert Thomas","robert.thomas@healthcaresyste.com","Healthcare Systems Inc"
"Kenneth White","kenneth.white@aitechnologies.com","AI Technologies"
"Jessica Clark","jessica.clark@customersuccess.com","Customer Success Partners"
"Kevin Adams","kevin.adams@strategyconsult.com","Strategy Consultants"
"Barbara Anderson","barbara.anderson@techsolutionsin.com","Tech Solutions Inc"
"James Davis","james.davis@cybersecuritypl.com","Cyber Security Plus"
"Melissa Young","melissa.young@salesoptimizati.com","Sales Optimization Group"
"Donna Moore","donna.moore@customersuccess.com","Customer Success Partners"
"Timothy Miller","timothy.miller@smartautomation.com","Smart Automation Co"
"Amanda Harris","amanda.harris@operationsexcel.com","Operations Excellence LLC"
"Elizabeth Green","elizabeth.green@smartautomation.com","Smart Automation Co"
"Betty Martin","betty.martin@cybersecuritypl.com","Cyber Security Plus"
"Christopher Thomas","christopher.thomas@mobileappventur.com","Mobile App Ventures"
"Linda Nelson","linda.nelson@enterprisesoftw.com","Enterprise Software Solutions"
"John Martin","john.martin@cybersecuritypl.com","Cyber Security Plus"
"James Hill","james.hill@techsolutionsin.com","Tech Solutions Inc"
"Joshua Johnson","joshua.johnson@healthcaresyste.com","Healthcare Systems Inc"
"Michael Smith","michael.smith@healthcaresyste.com","Healthcare Systems Inc"
"Ronald Torres","ronald.torres@cloudservicesgr.com","Cloud Services Group"
"Andrew Campbell","andrew.campbell@healthcaresyste.com","Healthcare Systems Inc"
"Joseph Williams","joseph.williams@cybersecuritypl.com","Cyber Security Plus"
"Donna Lewis","donna.lewis@webdevelopments.com","Web Development Studios"
"Kevin Gonzalez","kevin.gonzalez@quantumcomputin.com","Quantum Computing Ltd"
"Mark Flores","mark.flores@smartautomation.com","Smart Automation Co"
"Thomas Robinson","thomas.robinson@strategyconsult.com","Strategy Consultants"
"Steven Johnson","steven.johnson@educationplatfo.com","Education Platform Ltd"
"Barbara Rivera","barbara.rivera@customersuccess.com","Customer Success Partners"
"Sandra Green","sandra.green@techsolutionsin.com","Tech Solutions Inc"
"Daniel Robinson","daniel.robinson@mobileappventur.com","Mobile App Ventures"
"Carol Allen","carol.allen@marketinginnova.com","Marketing Innovations"
"Elizabeth Davis","elizabeth.davis@supplychainsolu.com","Supply Chain Solutions"
"Nancy Thompson","nancy.thompson@logisticsmanage.com","Logistics Management Inc"
"Melissa King","melissa.king@digitaldynamics.com","Digital Dynamics Corp"
"Michelle Hernandez","michelle.hernandez@financialtechco.com","Financial Tech Corp"
"Paul Allen","paul.allen@techsolutionsin.com","Tech Solutions Inc"
"Anthony King","anthony.king@logisticsmanage.com","Logistics Management Inc"
"James Clark","james.clark@ecommerceexpert.com","E-Commerce Experts"
"Paul Thomas","paul.thomas@ecommerceexpert.com","E-Commerce Experts"
"Donna Ramirez","donna.ramirez@supplychainsolu.com","Supply Chain Solutions"
"Patricia Martin","patricia.martin@webdevelopments.com","Web Development Studios"
"Melissa Lee","melissa.lee@globalinnovatio.com","Global Innovations LLC"
"Donna Mitchell","donna.mitchell@mobileappventur.com","Mobile App Ventures"
"Betty Johnson","betty.johnson@mobileappventur.com","Mobile App Ventures"
"Anthony Nelson","anthony.nelson@nextgensystems.com","NextGen Systems"
"Michael King","michael.king@ecommerceexpert.com","E-Commerce Experts"
"Donna Gonzalez","donna.gonzalez@enterprisesoftw.com","Enterprise Software Solutions"
"Jessica Adams","jessica.adams@smartautomation.com","Smart Automation Co"
"Stephanie Jones","stephanie.jones@financialtechco.com","Financial Tech Corp"
"Kimberly Baker","kimberly.baker@supplychainsolu.com","Supply Chain Solutions"
"Deborah Brown","deborah.brown@techsolutionsin.com","Tech Solutions Inc"
"Michael Hall","michael.hall@dataanalyticspr.com","Data Analytics Pro"
"Paul Thompson","paul.thompson@operationsexcel.com","Operations Excellence LLC"
"Mary Rodriguez","mary.rodriguez@webdevelopments.com","Web Development Studios"
"Betty King","betty.king@strategyconsult.com","Strategy Consultants"
"Matthew Allen","matthew.allen@mobileappventur.com","Mobile App Ventures"
"Patricia Wilson","patricia.wilson@ecommerceexpert.com","E-Commerce Experts"
"Robert Torres","robert.torres@nextgensystems.com","NextGen Systems"
"Deborah Smith","deborah.smith@ecommerceexpert.com","E-Commerce Experts"
"Mary Williams","mary.williams@enterprisesoftw.com","Enterprise Software Solutions"
"Kevin Green","kevin.green@cybersecuritypl.com","Cyber Security Plus"
"Lisa Clark","lisa.clark@marketinginnova.com","Marketing Innovations"
"Brian Ramirez","brian.ramirez@digitaldynamics.com","Digital Dynamics Corp"
"Paul King","paul.king@cloudservicesgr.com","Cloud Services Group"
"Ronald Hill","ronald.hill@dataanalyticspr.com","Data Analytics Pro"
"Thomas Smith","thomas.smith@digitaldynamics.com","Digital Dynamics Corp"
"Stephanie Wilson","stephanie.wilson@logisticsmanage.com","Logistics Management Inc"
"Stephanie Roberts","stephanie.roberts@ecommerceexpert.com","E-Commerce Experts"
"Nancy Adams","nancy.adams@globalinnovatio.com","Global Innovations LLC"
"Kenneth Jones","kenneth.jones@marketinginnova.com","Marketing Innovations"
"Donna Thomas","donna.thomas@logisticsmanage.com","Logistics Management Inc"
"Michael Thompson","michael.thompson@aitechnologies.com","AI Technologies"
"Steven Anderson","steven.anderson@strategyconsult.com","Strategy Consultants"
"Mary Anderson","mary.anderson@educationplatfo.com","Education Platform Ltd"
"Kenneth Lopez","kenneth.lopez@dataanalyticspr.com","Data Analytics Pro"
"Susan Martin","susan.martin@globalinnovatio.com","Global Innovations LLC"
"Melissa Adams","melissa.adams@financialtechco.com","Financial Tech Corp"
"William Mitchell","william.mitchell@mobileappventur.com","Mobile App Ventures"
"William Jones","william.jones@smartautomation.com","Smart Automation Co"
"Jessica Wilson","jessica.wilson@cybersecuritypl.com","Cyber Security Plus"
"Susan Brown","susan.brown@healthcaresyste.com","Healthcare Systems Inc"
"Richard Davis","richard.davis@strategyconsult.com","Strategy Consultants"
"Karen Green","karen.green@supplychainsolu.com","Supply Chain Solutions"
"Richard Lopez","richard.lopez@dataanalyticspr.com","Data Analytics Pro"
"William Young","william.young@healthcaresyste.com","Healthcare Systems Inc"
"Carol Anderson","carol.anderson@smartautomation.com","Smart Automation Co"
"Joseph Rivera","joseph.rivera@mobileappventur.com","Mobile App Ventures"
"Andrew Baker","andrew.baker@customersuccess.com","Customer Success Partners"
"Joshua Garcia","joshua.garcia@techsolutionsin.com","Tech Solutions Inc"
"Kimberly Torres","kimberly.torres@educationplatfo.com","Education Platform Ltd"
"Sarah Scott","sarah.scott@customersuccess.com","Customer Success Partners"
"Timothy Williams","timothy.williams@salesoptimizati.com","Sales Optimization Group"
"Carol Moore","carol.moore@webdevelopments.com","Web Development Studios"
"Nancy Young","nancy.young@cloudservicesgr.com","Cloud Services Group"
"Timothy Williams","timothy.williams@customersuccess.com","Customer Success Partners"
"Richard Smith","richard.smith@marketinginnova.com","Marketing Innovations"
"Brian Adams","brian.adams@techsolutionsin.com","Tech Solutions Inc"
"Mary Jones","mary.jones@aitechnologies.com","AI Technologies"
"Ronald Garcia","ronald.garcia@smartautomation.com","Smart Automation Co"
"Linda Harris","linda.harris@mobileappventur.com","Mobile App Ventures"
"Carol Campbell","carol.campbell@logisticsmanage.com","Logistics Management Inc"
"Lisa Anderson","lisa.anderson@ecommerceexpert.com","E-Commerce Experts"
"Stephanie Thomas","stephanie.thomas@cybersecuritypl.com","Cyber Security Plus"
"Michelle Robinson","michelle.robinson@healthcaresyste.com","Healthcare Systems Inc"
"Amanda Robinson","amanda.robinson@logisticsmanage.com","Logistics Management Inc"
"James Wright","james.wright@techsolutionsin.com","Tech Solutions Inc"
"Joshua Lee","joshua.lee@quantumcomputin.com","Quantum Computing Ltd"
"Matthew Campbell","matthew.campbell@cloudservicesgr.com","Cloud Services Group"
"Mary Taylor","mary.taylor@cloudservicesgr.com","Cloud Services Group"
"Robert Smith","robert.smith@mobileappventur.com","Mobile App Ventures"
"David Thompson","david.thompson@techsolutionsin.com","Tech Solutions Inc"
"Joseph Sanchez","joseph.sanchez@strategyconsult.com","Strategy Consultants"
"Mary Hernandez","mary.hernandez@smartautomation.com","Smart Automation Co"
"Christopher Taylor","christopher.taylor@digitaldynamics.com","Digital Dynamics Corp"
"Nancy Lee","nancy.lee@webdevelopments.com","Web Development Studios"
"Susan Scott","susan.scott@digitaldynamics.com",""
"Deborah Wilson","","AI Technologies"
"Matthew Clark","matthew.clark@supplychainsolu.com","Supply Chain Solutions"
"William Flores","brian.brown@salesoptimizati.com","AI Technologies"
"Richard Thomas","richard.thomas@financialtechco.com","Financial Tech Corp"
"Brian Mitchell","","Sales Optimization Group"
"Jessica Adams","jessica.adams@customersuccess.com","Customer Success Partners"
"Barbara Allen","barbara.allen@supplychainsolu.com",""
"Stephanie Harris","stephanie.harris@cloudservicesgr.com","Cloud Services Group"
"Mary Green","invalid@email","E-Commerce Experts"
"Sandra Williams","sandra.williams@dataanalyticspr.com","Data Analytics Pro"
"Joshua Garcia","","Quantum Computing Ltd"
"Karen Garcia","karen.garcia@cloudservicesgr.com","Cloud Services Group"
"Barbara Gonzalez","barbara.gonzalez@digitaldynamics.com",""
"John Walker","john.walker@nextgensystems.com","NextGen Systems"
"","mark.perez@webdevelopments.com","Web Development Studios"
"Ronald Jackson","ronald.jackson@financialtechco.com","Financial Tech Corp"
"Sarah Green","","Global Innovations LLC"
"Lisa Williams","lisa.williams@aitechnologies.com","AI Technologies"
"Sarah Nguyen","sarah.nguyen@supplychainsolu.com",""
"Margaret Garcia","margaret.garcia@nextgensystems.com","NextGen Systems"
"Timothy Flores","","Web Development Studios"
"Daniel Perez","daniel.perez@techsolutionsin.com","Tech Solutions Inc"
"Christopher Mitchell","brian.brown@salesoptimizati.com","Financial Tech Corp"
"Lisa Thomas","lisa.thomas@salesoptimizati.com",""
"Kevin Nguyen","kevin.nguyen@strategyconsult.com","Strategy Consultants"
"Kenneth Lewis","","Education Platform Ltd"
"David White","david.white@webdevelopments.com","Web Development Studios"
"Daniel Johnson","daniel.johnson@customersuccess.com",""
"Christopher Garcia","christopher.garcia@operationsexcel.com","Operations Excellence LLC"
"Linda Wright","notanemail.com","Web Development Studios"
"John Hernandez","john.hernandez@supplychainsolu.com","Supply Chain Solutions"
"Andrew Harris","","E-Commerce Experts"
"Donald Hill","donald.hill@cybersecuritypl.com","Cyber Security Plus"
"Amanda King","amanda.king@digitaldynamics.com",""
"George Gonzalez","george.gonzalez@educationplatfo.com","Education Platform Ltd"
"","daniel.williams@cybersecuritypl.com","Cyber Security Plus"
"Daniel Lewis","daniel.lewis@smartautomation.com","Smart Automation Co"
"Kenneth Gonzalez","brian.brown@salesoptimizati.com","Healthcare Systems Inc"
"Steven Baker","steven.baker@strategyconsult.com","Strategy Consultants"
"Stephanie Green","stephanie.green@operationsexcel.com",""
"Joseph Green","","Global Innovations LLC"
"Daniel Young","daniel.young@globalinnovatio.com","Global Innovations LLC"
"Mary Hall","mary.hall@educationplatfo.com",""
"John Williams","john.williams@salesoptimizati.com","Sales Optimization Group"
"Carol Lopez","brian.brown@salesoptimizati.com","Sales Optimization Group"
"William Wilson","william.wilson@cybersecuritypl.com","Cyber Security Plus"
"Linda Green","","Digital Dynamics Corp"
"Joshua Nelson","joshua.nelson@salesoptimizati.com","Sales Optimization Group"
"Mary Hernandez","mary.hernandez@globalinnovatio.com",""
"Donald Brown","donald.brown@quantumcomputin.com","Quantum Computing Ltd"
"Kimberly Thomas","","Mobile App Ventures"
"Anthony Martinez","anthony.martinez@cybersecuritypl.com","Cyber Security Plus"
"Ashley Smith","ashley.smith@customersuccess.com",""
"Matthew Moore","matthew.moore@dataanalyticspr.com","Data Analytics Pro"
"Elizabeth Miller","notvalid@","Digital Dynamics Corp"
"Joshua Davis","joshua.davis@mobileappventur.com","Mobile App Ventures"
"Kenneth Green","","Sales Optimization Group"
"Daniel Green","daniel.green@customersuccess.com","Customer Success Partners"
"Thomas Rodriguez","thomas.rodriguez@marketinginnova.com",""
"Melissa Campbell","melissa.campbell@educationplatfo.com","Education Platform Ltd"
"Michelle Moore","michelle.moore@productdesignco.com","Product Design Co"
"Karen Flores","karen.flores@dataanalyticspr.com","Data Analytics Pro"
"Ashley Allen","ashley.allen@ecommerceexpert.com","E-Commerce Experts"
"Carol Wilson","carol.wilson@ecommerceexpert.com","E-Commerce Experts"
"Richard Taylor","richard.taylor@aitechnologies.com","AI Technologies"
"Kimberly Jackson","kimberly.jackson@nextgensystems.com","NextGen Systems"
"George Allen","george.allen@dataanalyticspr.com","Data Analytics Pro"
"Matthew Lewis","matthew.lewis@marketinginnova.com","Marketing Innovations"
"Amanda Sanchez","amanda.sanchez@webdevelopments.com","Web Development Studios"
"Linda Nelson","linda.nelson@salesoptimizati.com","Sales Optimization Group"
"Betty Rodriguez","betty.rodriguez@mobileappventur.com","Mobile App Ventures"
"Mark Clark","mark.clark@customersuccess.com","Customer Success Partners"
"Joshua Green","joshua.green@salesoptimizati.com","Sales Optimization Group"
"James Brown","james.brown@customersuccess.com","Customer Success Partners"
"Christopher Roberts","christopher.roberts@cybersecuritypl.com","Cyber Security Plus"
"Sarah Roberts","sarah.roberts@productdesignco.com","Product Design Co"
"Thomas Rivera","thomas.rivera@globalinnovatio.com","Global Innovations LLC"
"Steven Rodriguez","steven.rodriguez@salesoptimizati.com","Sales Optimization Group"
"Elizabeth Allen","elizabeth.allen@enterprisesoftw.com","Enterprise Software Solutions"
"Kenneth Hall","kenneth.hall@techsolutionsin.com","Tech Solutions Inc"
"Melissa Roberts","melissa.roberts@supplychainsolu.com","Supply Chain Solutions"
"William Williams","william.williams@healthcaresyste.com","Healthcare Systems Inc"
"William Jackson","william.jackson@healthcaresyste.com","Healthcare Systems Inc"
"Joseph Lewis","joseph.lewis@strategyconsult.com","Strategy Consultants"
"Linda Scott","linda.scott@smartautomation.com","Smart Automation Co"
"Steven Gonzalez","steven.gonzalez@techsolutionsin.com","Tech Solutions Inc"
"Melissa Carter","melissa.carter@healthcaresyste.com","Healthcare Systems Inc"
"John Anderson","john.anderson@financialtechco.com","Financial Tech Corp"
"Ashley Hill","ashley.hill@productdesignco.com","Product Design Co"
"Andrew Miller","andrew.miller@ecommerceexpert.com","E-Commerce Experts"
"Donald Thompson","donald.thompson@enterprisesoftw.com","Enterprise Software Solutions"
"James Walker","james.walker@educationplatfo.com","Education Platform Ltd"
"Paul Lopez","paul.lopez@logisticsmanage.com","Logistics Management Inc"
"Christopher Roberts","christopher.roberts@quantumcomputin.com","Quantum Computing Ltd"
"Andrew Clark","andrew.clark@digitaldynamics.com","Digital Dynamics Corp"
"Donna Davis","donna.davis@customersuccess.com","Customer Success Partners"
"Sandra Thomas","sandra.thomas@smartautomation.com","Smart Automation Co"
"James Hall","james.hall@salesoptimizati.com","Sales Optimization Group"
"George Green","george.green@marketinginnova.com","Marketing Innovations"
"Michael Lee","michael.lee@supplychainsolu.com","Supply Chain Solutions"
"Deborah Campbell","deborah.campbell@cloudservicesgr.com","Cloud Services Group"
"Deborah Mitchell","deborah.mitchell@supplychainsolu.com","Supply Chain Solutions"
"Matthew Flores","matthew.flores@nextgensystems.com","NextGen Systems"
"Ashley King","ashley.king@webdevelopments.com","Web Development Studios"
"Stephanie Brown","stephanie.brown@strategyconsult.com","Strategy Consultants"
"Donald Jones","donald.jones@cloudservicesgr.com","Cloud Services Group"
"Robert Nguyen","robert.nguyen@marketinginnova.com","Marketing Innovations"
"Betty Martinez","betty.martinez@supplychainsolu.com","Supply Chain Solutions"
"Amanda Perez","amanda.perez@mobileappventur.com","Mobile App Ventures"
"Nancy Roberts","nancy.roberts@customersuccess.com","Customer Success Partners"
"Steven Torres","steven.torres@salesoptimizati.com","Sales Optimization Group"
"Jennifer Allen","jennifer.allen@aitechnologies.com","AI Technologies"
"Elizabeth Lewis","elizabeth.lewis@mobileappventur.com","Mobile App Ventures"
"Donald Mitchell","donald.mitchell@digitaldynamics.com","Digital Dynamics Corp"
"Timothy Robinson","timothy.robinson@salesoptimizati.com","Sales Optimization Group"
"Amanda Campbell","amanda.campbell@enterprisesoftw.com","Enterprise Software Solutions"
"Paul Johnson","paul.johnson@dataanalyticspr.com","Data Analytics Pro"
"Karen Sanchez","karen.sanchez@customersuccess.com","Customer Success Partners"
"Kenneth Nguyen","kenneth.nguyen@mobileappventur.com","Mobile App Ventures"
"Christopher Jackson","christopher.jackson@cybersecuritypl.com","Cyber Security Plus"
"Sandra Thompson","sandra.thompson@mobileappventur.com","Mobile App Ventures"
"Joseph Thomas","joseph.thomas@cybersecuritypl.com","Cyber Security Plus"
"Sandra Martinez","sandra.martinez@financialtechco.com","Financial Tech Corp"
"Susan Hall","susan.hall@ecommerceexpert.com","E-Commerce Experts"
"Anthony Hall","anthony.hall@financialtechco.com","Financial Tech Corp"
"Lisa Garcia","lisa.garcia@logisticsmanage.com","Logistics Management Inc"
"George Roberts","george.roberts@webdevelopments.com","Web Development Studios"
"David Moore","david.moore@techsolutionsin.com","Tech Solutions Inc"
"Betty Sanchez","betty.sanchez@supplychainsolu.com","Supply Chain Solutions"
"David Brown","david.brown@healthcaresyste.com","Healthcare Systems Inc"
"Michael Harris","michael.harris@salesoptimizati.com","Sales Optimization Group"
"George Anderson","george.anderson@dataanalyticspr.com","Data Analytics Pro"
"Ashley Martinez","ashley.martinez@dataanalyticspr.com","Data Analytics Pro"
"Carol White","carol.white@aitechnologies.com","AI Technologies"
"Timothy Flores","timothy.flores@cloudservicesgr.com","Cloud Services Group"
"Elizabeth Anderson","elizabeth.anderson@supplychainsolu.com","Supply Chain Solutions"
"Karen Mitchell","karen.mitchell@logisticsmanage.com","Logistics Management Inc"
"Richard Campbell","richard.campbell@operationsexcel.com","Operations Excellence LLC"
"Paul Lee","paul.lee@techsolutionsin.com","Tech Solutions Inc"
"Betty Nelson","betty.nelson@educationplatfo.com","Education Platform Ltd"
"William Clark","william.clark@smartautomation.com","Smart Automation Co"
"Nancy Williams","nancy.williams@salesoptimizati.com","Sales Optimization Group"
"Timothy Thomas","timothy.thomas@logisticsmanage.com","Logistics Management Inc"
"Timothy Hernandez","timothy.hernandez@salesoptimizati.com","Sales Optimization Group"
"Betty Wright","betty.wright@webdevelopments.com","Web Development Studios"
"Margaret Lee","margaret.lee@educationplatfo.com","Education Platform Ltd"
"John Williams","john.williams@quantumcomputin.com","Quantum Computing Ltd"
"Thomas Clark","thomas.clark@educationplatfo.com","Education Platform Ltd"
"Betty Scott","betty.scott@dataanalyticspr.com","Data Analytics Pro"
"John Gonzalez","john.gonzalez@marketinginnova.com","Marketing Innovations"
"Mark Nguyen","mark.nguyen@salesoptimizati.com","Sales Optimization Group"
"Mary White","mary.white@cloudservicesgr.com","Cloud Services Group"
"Jennifer Rodriguez","jennifer.rodriguez@financialtechco.com","Financial Tech Corp"
"Richard King","richard.king@ecommerceexpert.com","E-Commerce Experts"
"Kimberly Smith","kimberly.smith@aitechnologies.com","AI Technologies"
"Deborah Jones","deborah.jones@nextgensystems.com","NextGen Systems"
"Sandra Brown","sandra.brown@strategyconsult.com","Strategy Consultants"
"Patricia Martinez","patricia.martinez@financialtechco.com","Financial Tech Corp"
"George Young","george.young@operationsexcel.com","Operations Excellence LLC"
"Andrew Jackson","andrew.jackson@nextgensystems.com","NextGen Systems"
"Joseph Brown","joseph.brown@supplychainsolu.com","Supply Chain Solutions"
"Stephanie Carter","stephanie.carter@strategyconsult.com","Strategy Consultants"
"Mary Rodriguez","mary.rodriguez@aitechnologies.com","AI Technologies"
"Thomas Harris","thomas.harris@quantumcomputin.com","Quantum Computing Ltd"
"Joshua Thompson","joshua.thompson@salesoptimizati.com","Sales Optimization Group"
"Margaret Nguyen","margaret.nguyen@smartautomation.com","Smart Automation Co"
"Ronald Lee","ronald.lee@mobileappventur.com","Mobile App Ventures"
"Lisa Allen","lisa.allen@customersuccess.com","Customer Success Partners"
"Joseph Williams","joseph.williams@marketinginnova.com","Marketing Innovations"
"Amanda Flores","amanda.flores@strategyconsult.com","Strategy Consultants"
"Amanda Moore","amanda.moore@educationplatfo.com","Education Platform Ltd"
"Patricia Campbell","patricia.campbell@smartautomation.com","Smart Automation Co"
"Timothy Walker","timothy.walker@ecommerceexpert.com","E-Commerce Experts"
"Mark Adams","mark.adams@salesoptimizati.com","Sales Optimization Group"
"Kevin Hill","kevin.hill@customersuccess.com","Customer Success Partners"
"Karen Clark","karen.clark@nextgensystems.com","NextGen Systems"
"Kenneth Thomas","kenneth.thomas@productdesignco.com","Product Design Co"
"Steven Scott","steven.scott@supplychainsolu.com","Supply Chain Solutions"
"Ashley Campbell","ashley.campbell@productdesignco.com","Product Design Co"
"Michael Thomas","michael.thomas@cloudservicesgr.com","Cloud Services Group"
"Donald Mitchell","donald.mitchell@strategyconsult.com","Strategy Consultants"
"Michelle Adams","michelle.adams@supplychainsolu.com","Supply Chain Solutions"
"Michael Campbell","michael.campbell@nextgensystems.com","NextGen Systems"
"Timothy Adams","timothy.adams@financialtechco.com","Financial Tech Corp"
"Ronald Anderson","ronald.anderson@logisticsmanage.com","Logistics Management Inc"
"Susan Adams","susan.adams@globalinnovatio.com","Global Innovations LLC"
"Lisa Lee","lisa.lee@cybersecuritypl.com","Cyber Security Plus"
"Deborah Hernandez","deborah.hernandez@supplychainsolu.com","Supply Chain Solutions"
"Donna Davis","donna.davis@mobileappventur.com","Mobile App Ventures"
"James Green","james.green@operationsexcel.com","Operations Excellence LLC"
"William Adams","william.adams@webdevelopments.com","Web Development Studios"
"Jessica Perez","jessica.perez@techsolutionsin.com","Tech Solutions Inc"
"Patricia Robinson","patricia.robinson@digitaldynamics.com","Digital Dynamics Corp"
"Donna Johnson","donna.johnson@salesoptimizati.com","Sales Optimization Group"
"Ronald Torres","ronald.torres@quantumcomputin.com","Quantum Computing Ltd"
"Margaret Smith","margaret.smith@cloudservicesgr.com","Cloud Services Group"
"Donna Jones","donna.jones@supplychainsolu.com","Supply Chain Solutions"
"Anthony Gonzalez","anthony.gonzalez@quantumcomputin.com","Quantum Computing Ltd"
"David Martin","david.martin@digitaldynamics.com","Digital Dynamics Corp"
"Patricia Rodriguez","patricia.rodriguez@webdevelopments.com","Web Development Studios"
"Sarah Ramirez","sarah.ramirez@supplychainsolu.com","Supply Chain Solutions"
